{
	"credit": "Made with Blockbench",
	"texture_size": [64, 64],
	"textures": {
		"0": "item/lance",
		"particle": "item/lance"
	},
	"elements": [
		{
			"from": [8, -12, 8],
			"to": [9, -2, 9],
			"rotation": {"angle": 0, "axis": "y", "origin": [7, -10, 7]},
			"faces": {
				"north": {"uv": [6, 9.5, 6.25, 12], "texture": "#0"},
				"east": {"uv": [5.75, 9.5, 6, 12], "texture": "#0"},
				"south": {"uv": [6.5, 9.5, 6.75, 12], "texture": "#0"},
				"west": {"uv": [6.25, 9.5, 6.5, 12], "texture": "#0"},
				"up": {"uv": [6.25, 9.5, 6, 9.25], "texture": "#0"},
				"down": {"uv": [6.5, 9.25, 6.25, 9.5], "texture": "#0"}
			}
		},
		{
			"from": [11, -5, 6],
			"to": [12, -4, 11],
			"rotation": {"angle": 0, "axis": "y", "origin": [11, -6, 0]},
			"faces": {
				"north": {"uv": [9.75, 7.5, 10, 7.75], "texture": "#0"},
				"east": {"uv": [8.5, 7.5, 9.75, 7.75], "texture": "#0"},
				"south": {"uv": [11.25, 7.5, 11.5, 7.75], "texture": "#0"},
				"west": {"uv": [10, 7.5, 11.25, 7.75], "texture": "#0"},
				"up": {"uv": [10, 7.5, 9.75, 6.25], "texture": "#0"},
				"down": {"uv": [10.25, 6.25, 10, 7.5], "texture": "#0"}
			}
		},
		{
			"from": [4, -5, 6],
			"to": [5, -4, 11],
			"rotation": {"angle": 0, "axis": "y", "origin": [4, -6, 0]},
			"faces": {
				"north": {"uv": [9.75, 4, 10, 4.25], "texture": "#0"},
				"east": {"uv": [8.5, 4, 9.75, 4.25], "texture": "#0"},
				"south": {"uv": [11.25, 4, 11.5, 4.25], "texture": "#0"},
				"west": {"uv": [10, 4, 11.25, 4.25], "texture": "#0"},
				"up": {"uv": [10, 4, 9.75, 2.75], "texture": "#0"},
				"down": {"uv": [10.25, 2.75, 10, 4], "texture": "#0"}
			}
		},
		{
			"from": [12, -5, 6],
			"to": [13, -4, 11],
			"rotation": {"angle": 0, "axis": "y", "origin": [13, -6, 17]},
			"faces": {
				"north": {"uv": [9.75, 4, 10, 4.25], "texture": "#0"},
				"east": {"uv": [8.5, 4, 9.75, 4.25], "texture": "#0"},
				"south": {"uv": [11.25, 4, 11.5, 4.25], "texture": "#0"},
				"west": {"uv": [10, 4, 11.25, 4.25], "texture": "#0"},
				"up": {"uv": [10, 4, 9.75, 2.75], "texture": "#0"},
				"down": {"uv": [10.25, 2.75, 10, 4], "texture": "#0"}
			}
		},
		{
			"from": [6, -5, 4],
			"to": [11, -4, 5],
			"rotation": {"angle": 0, "axis": "y", "origin": [0, -6, 5]},
			"faces": {
				"north": {"uv": [8.5, 5, 9.75, 5.25], "texture": "#0"},
				"east": {"uv": [8.25, 5, 8.5, 5.25], "texture": "#0"},
				"south": {"uv": [10, 5, 11.25, 5.25], "texture": "#0"},
				"west": {"uv": [9.75, 5, 10, 5.25], "texture": "#0"},
				"up": {"uv": [9.75, 5, 8.5, 4.75], "rotation": 270, "texture": "#0"},
				"down": {"uv": [11, 4.75, 9.75, 5], "rotation": 90, "texture": "#0"}
			}
		},
		{
			"from": [6, -5, 12],
			"to": [11, -4, 13],
			"rotation": {"angle": 0, "axis": "y", "origin": [0, -6, 13]},
			"faces": {
				"north": {"uv": [8.75, 0.75, 10, 1], "texture": "#0"},
				"east": {"uv": [8.5, 0.75, 8.75, 1], "texture": "#0"},
				"south": {"uv": [10.25, 0.75, 11.5, 1], "texture": "#0"},
				"west": {"uv": [10, 0.75, 10.25, 1], "texture": "#0"},
				"up": {"uv": [10, 0.75, 8.75, 0.5], "rotation": 270, "texture": "#0"},
				"down": {"uv": [11.25, 0.5, 10, 0.75], "rotation": 90, "texture": "#0"}
			}
		},
		{
			"from": [5, -5, 11],
			"to": [6, -4, 12],
			"rotation": {"angle": 0, "axis": "y", "origin": [0, -6, 12]},
			"faces": {
				"north": {"uv": [10, 0.75, 10.25, 1], "texture": "#0"},
				"east": {"uv": [9.75, 0.75, 10, 1], "texture": "#0"},
				"south": {"uv": [10.5, 0.75, 10.75, 1], "texture": "#0"},
				"west": {"uv": [10.25, 0.75, 10.5, 1], "texture": "#0"},
				"up": {"uv": [10.25, 0.75, 10, 0.5], "rotation": 270, "texture": "#0"},
				"down": {"uv": [10.5, 0.5, 10.25, 0.75], "rotation": 90, "texture": "#0"}
			}
		},
		{
			"from": [11, -5, 11],
			"to": [12, -4, 12],
			"rotation": {"angle": 0, "axis": "y", "origin": [6, -6, 12]},
			"faces": {
				"north": {"uv": [10, 0.75, 10.25, 1], "texture": "#0"},
				"east": {"uv": [9.75, 0.75, 10, 1], "texture": "#0"},
				"south": {"uv": [10.5, 0.75, 10.75, 1], "texture": "#0"},
				"west": {"uv": [10.25, 0.75, 10.5, 1], "texture": "#0"},
				"up": {"uv": [10.25, 0.75, 10, 0.5], "rotation": 270, "texture": "#0"},
				"down": {"uv": [10.5, 0.5, 10.25, 0.75], "rotation": 90, "texture": "#0"}
			}
		},
		{
			"from": [11, -5, 5],
			"to": [12, -4, 6],
			"rotation": {"angle": 0, "axis": "y", "origin": [6, -6, 6]},
			"faces": {
				"north": {"uv": [10, 0.75, 10.25, 1], "texture": "#0"},
				"east": {"uv": [9.75, 0.75, 10, 1], "texture": "#0"},
				"south": {"uv": [10.5, 0.75, 10.75, 1], "texture": "#0"},
				"west": {"uv": [10.25, 0.75, 10.5, 1], "texture": "#0"},
				"up": {"uv": [10.25, 0.75, 10, 0.5], "rotation": 270, "texture": "#0"},
				"down": {"uv": [10.5, 0.5, 10.25, 0.75], "rotation": 90, "texture": "#0"}
			}
		},
		{
			"from": [5, -5, 5],
			"to": [6, -4, 6],
			"rotation": {"angle": 0, "axis": "y", "origin": [0, -6, 6]},
			"faces": {
				"north": {"uv": [10, 0.75, 10.25, 1], "texture": "#0"},
				"east": {"uv": [9.75, 0.75, 10, 1], "texture": "#0"},
				"south": {"uv": [10.5, 0.75, 10.75, 1], "texture": "#0"},
				"west": {"uv": [10.25, 0.75, 10.5, 1], "texture": "#0"},
				"up": {"uv": [10.25, 0.75, 10, 0.5], "rotation": 270, "texture": "#0"},
				"down": {"uv": [10.5, 0.5, 10.25, 0.75], "rotation": 90, "texture": "#0"}
			}
		},
		{
			"from": [5, -5, 6],
			"to": [6, -4, 11],
			"rotation": {"angle": 0, "axis": "y", "origin": [5, -6, 0]},
			"faces": {
				"north": {"uv": [4, 10.25, 4.25, 10.5], "texture": "#0"},
				"east": {"uv": [2.75, 10.25, 4, 10.5], "texture": "#0"},
				"south": {"uv": [5.5, 10.25, 5.75, 10.5], "texture": "#0"},
				"west": {"uv": [4.25, 10.25, 5.5, 10.5], "texture": "#0"},
				"up": {"uv": [4.25, 10.25, 4, 9], "texture": "#0"},
				"down": {"uv": [4.5, 9, 4.25, 10.25], "texture": "#0"}
			}
		},
		{
			"from": [6, -5, 5],
			"to": [11, -4, 6],
			"rotation": {"angle": 0, "axis": "y", "origin": [17, -6, 5]},
			"faces": {
				"north": {"uv": [9, 5.5, 10.25, 5.75], "texture": "#0"},
				"east": {"uv": [8.75, 5.5, 9, 5.75], "texture": "#0"},
				"south": {"uv": [10.5, 5.5, 11.75, 5.75], "texture": "#0"},
				"west": {"uv": [10.25, 5.5, 10.5, 5.75], "texture": "#0"},
				"up": {"uv": [10.25, 5.5, 9, 5.25], "rotation": 90, "texture": "#0"},
				"down": {"uv": [11.5, 5.25, 10.25, 5.5], "rotation": 270, "texture": "#0"}
			}
		},
		{
			"from": [6, -5, 11],
			"to": [11, -4, 12],
			"rotation": {"angle": 0, "axis": "y", "origin": [17, -6, 11]},
			"faces": {
				"north": {"uv": [9, 0.25, 10.25, 0.5], "texture": "#0"},
				"east": {"uv": [8.75, 0.25, 9, 0.5], "texture": "#0"},
				"south": {"uv": [10.5, 0.25, 11.75, 0.5], "texture": "#0"},
				"west": {"uv": [10.25, 0.25, 10.5, 0.5], "texture": "#0"},
				"up": {"uv": [10.25, 0.25, 9, 0], "rotation": 90, "texture": "#0"},
				"down": {"uv": [11.5, 0, 10.25, 0.25], "rotation": 270, "texture": "#0"}
			}
		},
		{
			"from": [10, -4, 5],
			"to": [11, 1, 6],
			"rotation": {"angle": 0, "axis": "y", "origin": [21, -5, 5]},
			"faces": {
				"north": {"uv": [8, 7.75, 8.25, 9], "texture": "#0"},
				"east": {"uv": [7.75, 7.75, 8, 9], "texture": "#0"},
				"south": {"uv": [8.5, 7.75, 8.75, 9], "texture": "#0"},
				"west": {"uv": [8.25, 7.75, 8.5, 9], "texture": "#0"},
				"up": {"uv": [8.25, 7.75, 8, 7.5], "rotation": 90, "texture": "#0"},
				"down": {"uv": [8.5, 7.5, 8.25, 7.75], "rotation": 270, "texture": "#0"}
			}
		},
		{
			"from": [6, -4, 5],
			"to": [7, 1, 6],
			"rotation": {"angle": 0, "axis": "y", "origin": [17, -5, 5]},
			"faces": {
				"north": {"uv": [0.25, 8.5, 0.5, 9.75], "texture": "#0"},
				"east": {"uv": [0, 8.5, 0.25, 9.75], "texture": "#0"},
				"south": {"uv": [0.75, 8.5, 1, 9.75], "texture": "#0"},
				"west": {"uv": [0.5, 8.5, 0.75, 9.75], "texture": "#0"},
				"up": {"uv": [0.5, 8.5, 0.25, 8.25], "rotation": 90, "texture": "#0"},
				"down": {"uv": [0.75, 8.25, 0.5, 8.5], "rotation": 270, "texture": "#0"}
			}
		},
		{
			"from": [6, -4, 11],
			"to": [7, 1, 12],
			"rotation": {"angle": 0, "axis": "y", "origin": [17, -5, 11]},
			"faces": {
				"north": {"uv": [0.25, 7, 0.5, 8.25], "texture": "#0"},
				"east": {"uv": [0, 7, 0.25, 8.25], "texture": "#0"},
				"south": {"uv": [0.75, 7, 1, 8.25], "texture": "#0"},
				"west": {"uv": [0.5, 7, 0.75, 8.25], "texture": "#0"},
				"up": {"uv": [0.5, 7, 0.25, 6.75], "rotation": 90, "texture": "#0"},
				"down": {"uv": [0.75, 6.75, 0.5, 7], "rotation": 270, "texture": "#0"}
			}
		},
		{
			"from": [11, -4, 10],
			"to": [12, 1, 11],
			"rotation": {"angle": 0, "axis": "y", "origin": [22, -5, 10]},
			"faces": {
				"north": {"uv": [1.25, 8, 1.5, 9.25], "texture": "#0"},
				"east": {"uv": [1, 8, 1.25, 9.25], "texture": "#0"},
				"south": {"uv": [1.75, 8, 2, 9.25], "texture": "#0"},
				"west": {"uv": [1.5, 8, 1.75, 9.25], "texture": "#0"},
				"up": {"uv": [1.5, 8, 1.25, 7.75], "rotation": 90, "texture": "#0"},
				"down": {"uv": [1.75, 7.75, 1.5, 8], "rotation": 270, "texture": "#0"}
			}
		},
		{
			"from": [12, -4, 8],
			"to": [13, -1, 9],
			"rotation": {"angle": 0, "axis": "y", "origin": [23, -5, 8]},
			"faces": {
				"north": {"uv": [7, 9.5, 7.25, 10.25], "texture": "#0"},
				"east": {"uv": [6.75, 9.5, 7, 10.25], "texture": "#0"},
				"south": {"uv": [7.5, 9.5, 7.75, 10.25], "texture": "#0"},
				"west": {"uv": [7.25, 9.5, 7.5, 10.25], "texture": "#0"},
				"up": {"uv": [7.25, 9.5, 7, 9.25], "rotation": 90, "texture": "#0"},
				"down": {"uv": [7.5, 9.25, 7.25, 9.5], "rotation": 270, "texture": "#0"}
			}
		},
		{
			"from": [8, -4, 12],
			"to": [9, -1, 13],
			"rotation": {"angle": 0, "axis": "y", "origin": [19, -5, 12]},
			"faces": {
				"north": {"uv": [1.25, 9.5, 1.5, 10.25], "texture": "#0"},
				"east": {"uv": [1, 9.5, 1.25, 10.25], "texture": "#0"},
				"south": {"uv": [1.75, 9.5, 2, 10.25], "texture": "#0"},
				"west": {"uv": [1.5, 9.5, 1.75, 10.25], "texture": "#0"},
				"up": {"uv": [1.5, 9.5, 1.25, 9.25], "rotation": 90, "texture": "#0"},
				"down": {"uv": [1.75, 9.25, 1.5, 9.5], "rotation": 270, "texture": "#0"}
			}
		},
		{
			"from": [4, -4, 8],
			"to": [5, -1, 9],
			"rotation": {"angle": 0, "axis": "y", "origin": [15, -5, 8]},
			"faces": {
				"north": {"uv": [4.75, 9.25, 5, 10], "texture": "#0"},
				"east": {"uv": [4.5, 9.25, 4.75, 10], "texture": "#0"},
				"south": {"uv": [5.25, 9.25, 5.5, 10], "texture": "#0"},
				"west": {"uv": [5, 9.25, 5.25, 10], "texture": "#0"},
				"up": {"uv": [5, 9.25, 4.75, 9], "rotation": 90, "texture": "#0"},
				"down": {"uv": [5.25, 9, 5, 9.25], "rotation": 270, "texture": "#0"}
			}
		},
		{
			"from": [8, -4, 4],
			"to": [9, -1, 5],
			"rotation": {"angle": 0, "axis": "y", "origin": [19, -5, 4]},
			"faces": {
				"north": {"uv": [0.25, 10, 0.5, 10.75], "texture": "#0"},
				"east": {"uv": [0, 10, 0.25, 10.75], "texture": "#0"},
				"south": {"uv": [0.75, 10, 1, 10.75], "texture": "#0"},
				"west": {"uv": [0.5, 10, 0.75, 10.75], "texture": "#0"},
				"up": {"uv": [0.5, 10, 0.25, 9.75], "rotation": 90, "texture": "#0"},
				"down": {"uv": [0.75, 9.75, 0.5, 10], "rotation": 270, "texture": "#0"}
			}
		},
		{
			"from": [10, -4, 11],
			"to": [11, 1, 12],
			"rotation": {"angle": 0, "axis": "y", "origin": [21, -5, 11]},
			"faces": {
				"north": {"uv": [7, 1.5, 7.25, 2.75], "texture": "#0"},
				"east": {"uv": [6.75, 1.5, 7, 2.75], "texture": "#0"},
				"south": {"uv": [7.5, 1.5, 7.75, 2.75], "texture": "#0"},
				"west": {"uv": [7.25, 1.5, 7.5, 2.75], "texture": "#0"},
				"up": {"uv": [7.25, 1.5, 7, 1.25], "rotation": 90, "texture": "#0"},
				"down": {"uv": [7.5, 1.25, 7.25, 1.5], "rotation": 270, "texture": "#0"}
			}
		},
		{
			"from": [5, -4, 10],
			"to": [6, 1, 11],
			"rotation": {"angle": 0, "axis": "y", "origin": [16, -5, 10]},
			"faces": {
				"north": {"uv": [2, 6.75, 2.25, 8], "texture": "#0"},
				"east": {"uv": [1.75, 6.75, 2, 8], "texture": "#0"},
				"south": {"uv": [2.5, 6.75, 2.75, 8], "texture": "#0"},
				"west": {"uv": [2.25, 6.75, 2.5, 8], "texture": "#0"},
				"up": {"uv": [2.25, 6.75, 2, 6.5], "rotation": 90, "texture": "#0"},
				"down": {"uv": [2.5, 6.5, 2.25, 6.75], "rotation": 270, "texture": "#0"}
			}
		},
		{
			"from": [5, -4, 6],
			"to": [6, 1, 7],
			"rotation": {"angle": 0, "axis": "y", "origin": [16, -5, 6]},
			"faces": {
				"north": {"uv": [9, 2.75, 9.25, 4], "texture": "#0"},
				"east": {"uv": [8.75, 2.75, 9, 4], "texture": "#0"},
				"south": {"uv": [9.5, 2.75, 9.75, 4], "texture": "#0"},
				"west": {"uv": [9.25, 2.75, 9.5, 4], "texture": "#0"},
				"up": {"uv": [9.25, 2.75, 9, 2.5], "rotation": 90, "texture": "#0"},
				"down": {"uv": [9.5, 2.5, 9.25, 2.75], "rotation": 270, "texture": "#0"}
			}
		},
		{
			"from": [11, -4, 6],
			"to": [12, 1, 7],
			"rotation": {"angle": 0, "axis": "y", "origin": [22, -5, 6]},
			"faces": {
				"north": {"uv": [8, 3.75, 8.25, 5], "texture": "#0"},
				"east": {"uv": [7.75, 3.75, 8, 5], "texture": "#0"},
				"south": {"uv": [8.5, 3.75, 8.75, 5], "texture": "#0"},
				"west": {"uv": [8.25, 3.75, 8.5, 5], "texture": "#0"},
				"up": {"uv": [8.25, 3.75, 8, 3.5], "rotation": 90, "texture": "#0"},
				"down": {"uv": [8.5, 3.5, 8.25, 3.75], "rotation": 270, "texture": "#0"}
			}
		},
		{
			"from": [10, 1, 10],
			"to": [11, 4, 11],
			"rotation": {"angle": 0, "axis": "y", "origin": [21, 0, 10]},
			"faces": {
				"north": {"uv": [3, 7.5, 3.25, 8.25], "texture": "#0"},
				"east": {"uv": [2.75, 7.5, 3, 8.25], "texture": "#0"},
				"south": {"uv": [3.5, 7.5, 3.75, 8.25], "texture": "#0"},
				"west": {"uv": [3.25, 7.5, 3.5, 8.25], "texture": "#0"},
				"up": {"uv": [3.25, 7.5, 3, 7.25], "rotation": 90, "texture": "#0"},
				"down": {"uv": [3.5, 7.25, 3.25, 7.5], "rotation": 270, "texture": "#0"}
			}
		},
		{
			"from": [6, 1, 10],
			"to": [7, 4, 11],
			"rotation": {"angle": 0, "axis": "y", "origin": [17, 0, 10]},
			"faces": {
				"north": {"uv": [6.5, 5.5, 6.75, 6.25], "texture": "#0"},
				"east": {"uv": [6.25, 5.5, 6.5, 6.25], "texture": "#0"},
				"south": {"uv": [7, 5.5, 7.25, 6.25], "texture": "#0"},
				"west": {"uv": [6.75, 5.5, 7, 6.25], "texture": "#0"},
				"up": {"uv": [6.75, 5.5, 6.5, 5.25], "rotation": 90, "texture": "#0"},
				"down": {"uv": [7, 5.25, 6.75, 5.5], "rotation": 270, "texture": "#0"}
			}
		},
		{
			"from": [6, 1, 6],
			"to": [7, 4, 7],
			"rotation": {"angle": 0, "axis": "y", "origin": [17, 0, 6]},
			"faces": {
				"north": {"uv": [7.75, 5.25, 8, 6], "texture": "#0"},
				"east": {"uv": [7.5, 5.25, 7.75, 6], "texture": "#0"},
				"south": {"uv": [8.25, 5.25, 8.5, 6], "texture": "#0"},
				"west": {"uv": [8, 5.25, 8.25, 6], "texture": "#0"},
				"up": {"uv": [8, 5.25, 7.75, 5], "rotation": 90, "texture": "#0"},
				"down": {"uv": [8.25, 5, 8, 5.25], "rotation": 270, "texture": "#0"}
			}
		},
		{
			"from": [10, 1, 6],
			"to": [11, 4, 7],
			"rotation": {"angle": 0, "axis": "y", "origin": [21, 0, 6]},
			"faces": {
				"north": {"uv": [7.75, 2.75, 8, 3.5], "texture": "#0"},
				"east": {"uv": [7.5, 2.75, 7.75, 3.5], "texture": "#0"},
				"south": {"uv": [8.25, 2.75, 8.5, 3.5], "texture": "#0"},
				"west": {"uv": [8, 2.75, 8.25, 3.5], "texture": "#0"},
				"up": {"uv": [8, 2.75, 7.75, 2.5], "rotation": 90, "texture": "#0"},
				"down": {"uv": [8.25, 2.5, 8, 2.75], "rotation": 270, "texture": "#0"}
			}
		},
		{
			"from": [7, -4, 11],
			"to": [10, 1, 12],
			"rotation": {"angle": 0, "axis": "y", "origin": [17, -5, 11]},
			"faces": {
				"north": {"uv": [7.25, 6.25, 8, 7.5], "texture": "#0"},
				"east": {"uv": [7, 6.25, 7.25, 7.5], "texture": "#0"},
				"south": {"uv": [8.25, 6.25, 9, 7.5], "texture": "#0"},
				"west": {"uv": [8, 6.25, 8.25, 7.5], "texture": "#0"},
				"up": {"uv": [8, 6.25, 7.25, 6], "rotation": 90, "texture": "#0"},
				"down": {"uv": [8.75, 6, 8, 6.25], "rotation": 270, "texture": "#0"}
			}
		},
		{
			"from": [7, 4, 10],
			"to": [10, 10, 11],
			"rotation": {"angle": 0, "axis": "y", "origin": [17, 12, 10]},
			"faces": {
				"north": {"uv": [0.25, 5.25, 1, 6.75], "texture": "#0"},
				"east": {"uv": [0, 5.25, 0.25, 6.75], "texture": "#0"},
				"south": {"uv": [1.25, 5.25, 2, 6.75], "texture": "#0"},
				"west": {"uv": [1, 5.25, 1.25, 6.75], "texture": "#0"},
				"up": {"uv": [1, 5.25, 0.25, 5], "rotation": 90, "texture": "#0"},
				"down": {"uv": [1.75, 5, 1, 5.25], "rotation": 270, "texture": "#0"}
			}
		},
		{
			"from": [7, 4, 6],
			"to": [10, 10, 7],
			"rotation": {"angle": 0, "axis": "y", "origin": [17, 12, 6]},
			"faces": {
				"north": {"uv": [6, 3.75, 6.75, 5.25], "texture": "#0"},
				"east": {"uv": [5.75, 3.75, 6, 5.25], "texture": "#0"},
				"south": {"uv": [7, 3.75, 7.75, 5.25], "texture": "#0"},
				"west": {"uv": [6.75, 3.75, 7, 5.25], "texture": "#0"},
				"up": {"uv": [6.75, 3.75, 6, 3.5], "rotation": 90, "texture": "#0"},
				"down": {"uv": [7.5, 3.5, 6.75, 3.75], "rotation": 270, "texture": "#0"}
			}
		},
		{
			"from": [7, 10, 7],
			"to": [10, 17, 8],
			"rotation": {"angle": 0, "axis": "y", "origin": [17, 15, 7]},
			"faces": {
				"north": {"uv": [0.25, 0.25, 1, 2], "texture": "#0"},
				"east": {"uv": [0, 0.25, 0.25, 2], "texture": "#0"},
				"south": {"uv": [1.25, 0.25, 2, 2], "texture": "#0"},
				"west": {"uv": [1, 0.25, 1.25, 2], "texture": "#0"},
				"up": {"uv": [1, 0.25, 0.25, 0], "texture": "#0"},
				"down": {"uv": [1.75, 0, 1, 0.25], "texture": "#0"}
			}
		},
		{
			"from": [7, 10, 9],
			"to": [10, 17, 10],
			"rotation": {"angle": 0, "axis": "y", "origin": [17, 15, 9]},
			"faces": {
				"north": {"uv": [4, 3.25, 4.75, 5], "texture": "#0"},
				"east": {"uv": [3.75, 3.25, 4, 5], "texture": "#0"},
				"south": {"uv": [5, 3.25, 5.75, 5], "texture": "#0"},
				"west": {"uv": [4.75, 3.25, 5, 5], "texture": "#0"},
				"up": {"uv": [4.75, 3.25, 4, 3], "rotation": 90, "texture": "#0"},
				"down": {"uv": [5.5, 3, 4.75, 3.25], "rotation": 270, "texture": "#0"}
			}
		},
		{
			"from": [9, 17, 8],
			"to": [10, 23, 9],
			"rotation": {"angle": 0, "axis": "y", "origin": [19, 16, 8]},
			"faces": {
				"north": {"uv": [2, 2, 2.25, 3.5], "texture": "#0"},
				"east": {"uv": [1.75, 2, 2, 3.5], "texture": "#0"},
				"south": {"uv": [2.5, 2, 2.75, 3.5], "texture": "#0"},
				"west": {"uv": [2.25, 2, 2.5, 3.5], "texture": "#0"},
				"up": {"uv": [2.25, 2, 2, 1.75], "rotation": 90, "texture": "#0"},
				"down": {"uv": [2.5, 1.75, 2.25, 2], "rotation": 270, "texture": "#0"}
			}
		},
		{
			"from": [7, 17, 8],
			"to": [8, 23, 9],
			"rotation": {"angle": 0, "axis": "y", "origin": [17, 16, 8]},
			"faces": {
				"north": {"uv": [4, 0.25, 4.25, 1.75], "texture": "#0"},
				"east": {"uv": [3.75, 0.25, 4, 1.75], "texture": "#0"},
				"south": {"uv": [4.5, 0.25, 4.75, 1.75], "texture": "#0"},
				"west": {"uv": [4.25, 0.25, 4.5, 1.75], "texture": "#0"},
				"up": {"uv": [4.25, 0.25, 4, 0], "rotation": 90, "texture": "#0"},
				"down": {"uv": [4.5, 0, 4.25, 0.25], "rotation": 270, "texture": "#0"}
			}
		},
		{
			"from": [8, 17, 9],
			"to": [9, 23, 10],
			"rotation": {"angle": 0, "axis": "y", "origin": [18, 15, 9]},
			"faces": {
				"north": {"uv": [3, 2.75, 3.25, 4.25], "texture": "#0"},
				"east": {"uv": [2.75, 2.75, 3, 4.25], "texture": "#0"},
				"south": {"uv": [3.5, 2.75, 3.75, 4.25], "texture": "#0"},
				"west": {"uv": [3.25, 2.75, 3.5, 4.25], "texture": "#0"},
				"up": {"uv": [3.25, 2.75, 3, 2.5], "rotation": 90, "texture": "#0"},
				"down": {"uv": [3.5, 2.5, 3.25, 2.75], "rotation": 270, "texture": "#0"}
			}
		},
		{
			"from": [8, 17, 7],
			"to": [9, 23, 8],
			"rotation": {"angle": 0, "axis": "y", "origin": [18, 15, 7]},
			"faces": {
				"north": {"uv": [0.25, 2.25, 0.5, 3.75], "texture": "#0"},
				"east": {"uv": [0, 2.25, 0.25, 3.75], "texture": "#0"},
				"south": {"uv": [0.75, 2.25, 1, 3.75], "texture": "#0"},
				"west": {"uv": [0.5, 2.25, 0.75, 3.75], "texture": "#0"},
				"up": {"uv": [0.5, 2.25, 0.25, 2], "rotation": 90, "texture": "#0"},
				"down": {"uv": [0.75, 2, 0.5, 2.25], "rotation": 270, "texture": "#0"}
			}
		},
		{
			"from": [8, 23, 8],
			"to": [9, 32, 9],
			"rotation": {"angle": 0, "axis": "y", "origin": [18, 24, 8]},
			"faces": {
				"north": {"uv": [3, 0.25, 3.25, 2.5], "texture": "#0"},
				"east": {"uv": [2.75, 0.25, 3, 2.5], "texture": "#0"},
				"south": {"uv": [3.5, 0.25, 3.75, 2.5], "texture": "#0"},
				"west": {"uv": [3.25, 0.25, 3.5, 2.5], "texture": "#0"},
				"up": {"uv": [3.25, 0.25, 3, 0], "texture": "#0"},
				"down": {"uv": [3.5, 0, 3.25, 0.25], "texture": "#0"}
			}
		},
		{
			"from": [10, 10, 8],
			"to": [11, 14, 9],
			"rotation": {"angle": 0, "axis": "y", "origin": [20, 12, 8]},
			"faces": {
				"north": {"uv": [5, 5.25, 5.25, 6.25], "texture": "#0"},
				"east": {"uv": [4.75, 5.25, 5, 6.25], "texture": "#0"},
				"south": {"uv": [5.5, 5.25, 5.75, 6.25], "texture": "#0"},
				"west": {"uv": [5.25, 5.25, 5.5, 6.25], "texture": "#0"},
				"up": {"uv": [5.25, 5.25, 5, 5], "rotation": 90, "texture": "#0"},
				"down": {"uv": [5.5, 5, 5.25, 5.25], "rotation": 270, "texture": "#0"}
			}
		},
		{
			"from": [8, 10, 6],
			"to": [9, 14, 7],
			"rotation": {"angle": 0, "axis": "y", "origin": [18, 12, 6]},
			"faces": {
				"north": {"uv": [6, 2.5, 6.25, 3.5], "texture": "#0"},
				"east": {"uv": [5.75, 2.5, 6, 3.5], "texture": "#0"},
				"south": {"uv": [6.5, 2.5, 6.75, 3.5], "texture": "#0"},
				"west": {"uv": [6.25, 2.5, 6.5, 3.5], "texture": "#0"},
				"up": {"uv": [6.25, 2.5, 6, 2.25], "rotation": 90, "texture": "#0"},
				"down": {"uv": [6.5, 2.25, 6.25, 2.5], "rotation": 270, "texture": "#0"}
			}
		},
		{
			"from": [6, 10, 8],
			"to": [7, 14, 9],
			"rotation": {"angle": 0, "axis": "y", "origin": [16, 12, 8]},
			"faces": {
				"north": {"uv": [1, 4, 1.25, 5], "texture": "#0"},
				"east": {"uv": [0.75, 4, 1, 5], "texture": "#0"},
				"south": {"uv": [1.5, 4, 1.75, 5], "texture": "#0"},
				"west": {"uv": [1.25, 4, 1.5, 5], "texture": "#0"},
				"up": {"uv": [1.25, 4, 1, 3.75], "rotation": 90, "texture": "#0"},
				"down": {"uv": [1.5, 3.75, 1.25, 4], "rotation": 270, "texture": "#0"}
			}
		},
		{
			"from": [7, 14, 8],
			"to": [8, 17, 9],
			"rotation": {"angle": 0, "axis": "y", "origin": [17, 16, 8]},
			"faces": {
				"north": {"uv": [1, 4, 1.25, 4.75], "texture": "#0"},
				"east": {"uv": [0.75, 4, 1, 4.75], "texture": "#0"},
				"south": {"uv": [1.5, 4, 1.75, 4.75], "texture": "#0"},
				"west": {"uv": [1.25, 4, 1.5, 4.75], "texture": "#0"},
				"up": {"uv": [1.25, 4, 1, 3.75], "rotation": 90, "texture": "#0"},
				"down": {"uv": [1.5, 3.75, 1.25, 4], "rotation": 270, "texture": "#0"}
			}
		},
		{
			"from": [9, 14, 8],
			"to": [10, 17, 9],
			"rotation": {"angle": 0, "axis": "y", "origin": [19, 16, 8]},
			"faces": {
				"north": {"uv": [1, 4, 1.25, 4.75], "texture": "#0"},
				"east": {"uv": [0.75, 4, 1, 4.75], "texture": "#0"},
				"south": {"uv": [1.5, 4, 1.75, 4.75], "texture": "#0"},
				"west": {"uv": [1.25, 4, 1.5, 4.75], "texture": "#0"},
				"up": {"uv": [1.25, 4, 1, 3.75], "rotation": 90, "texture": "#0"},
				"down": {"uv": [1.5, 3.75, 1.25, 4], "rotation": 270, "texture": "#0"}
			}
		},
		{
			"from": [8, 10, 10],
			"to": [9, 14, 11],
			"rotation": {"angle": 0, "axis": "y", "origin": [18, 12, 10]},
			"faces": {
				"north": {"uv": [2.75, 4.75, 3, 5.75], "texture": "#0"},
				"east": {"uv": [2.5, 4.75, 2.75, 5.75], "texture": "#0"},
				"south": {"uv": [3.25, 4.75, 3.5, 5.75], "texture": "#0"},
				"west": {"uv": [3, 4.75, 3.25, 5.75], "texture": "#0"},
				"up": {"uv": [3, 4.75, 2.75, 4.5], "rotation": 90, "texture": "#0"},
				"down": {"uv": [3.25, 4.5, 3, 4.75], "rotation": 270, "texture": "#0"}
			}
		},
		{
			"from": [7, 1, 5],
			"to": [10, 5, 6],
			"rotation": {"angle": 0, "axis": "y", "origin": [17, 1, 5]},
			"faces": {
				"north": {"uv": [8, 1.5, 8.75, 2.5], "texture": "#0"},
				"east": {"uv": [7.75, 1.5, 8, 2.5], "texture": "#0"},
				"south": {"uv": [9, 1.5, 9.75, 2.5], "texture": "#0"},
				"west": {"uv": [8.75, 1.5, 9, 2.5], "texture": "#0"},
				"up": {"uv": [8.75, 1.5, 8, 1.25], "rotation": 90, "texture": "#0"},
				"down": {"uv": [9.5, 1.25, 8.75, 1.5], "rotation": 270, "texture": "#0"}
			}
		},
		{
			"from": [11, 1, 7],
			"to": [12, 5, 10],
			"rotation": {"angle": 0, "axis": "y", "origin": [12, 1, 17]},
			"faces": {
				"north": {"uv": [4.5, 8, 4.75, 9], "texture": "#0"},
				"east": {"uv": [3.75, 8, 4.5, 9], "texture": "#0"},
				"south": {"uv": [5.5, 8, 5.75, 9], "texture": "#0"},
				"west": {"uv": [4.75, 8, 5.5, 9], "texture": "#0"},
				"up": {"uv": [4.75, 8, 4.5, 7.25], "texture": "#0"},
				"down": {"uv": [5, 7.25, 4.75, 8], "texture": "#0"}
			}
		},
		{
			"from": [7, 1, 11],
			"to": [10, 5, 12],
			"rotation": {"angle": 0, "axis": "y", "origin": [0, 1, 12]},
			"faces": {
				"north": {"uv": [4, 7.5, 4.75, 8.5], "texture": "#0"},
				"east": {"uv": [3.75, 7.5, 4, 8.5], "texture": "#0"},
				"south": {"uv": [5, 7.5, 5.75, 8.5], "texture": "#0"},
				"west": {"uv": [4.75, 7.5, 5, 8.5], "texture": "#0"},
				"up": {"uv": [4.75, 7.5, 4, 7.25], "texture": "#0"},
				"down": {"uv": [5.5, 7.25, 4.75, 7.5], "texture": "#0"}
			}
		},
		{
			"from": [5, 1, 7],
			"to": [6, 5, 10],
			"rotation": {"angle": 0, "axis": "y", "origin": [6, 1, 17]},
			"faces": {
				"north": {"uv": [5.75, 6.25, 6, 7.25], "texture": "#0"},
				"east": {"uv": [5, 6.25, 5.75, 7.25], "texture": "#0"},
				"south": {"uv": [6.75, 6.25, 7, 7.25], "texture": "#0"},
				"west": {"uv": [6, 6.25, 6.75, 7.25], "texture": "#0"},
				"up": {"uv": [6, 6.25, 5.75, 5.5], "rotation": 180, "texture": "#0"},
				"down": {"uv": [6.25, 5.5, 6, 6.25], "rotation": 180, "texture": "#0"}
			}
		},
		{
			"from": [6, 4, 7],
			"to": [7, 10, 10],
			"rotation": {"angle": 0, "axis": "y", "origin": [7, 12, 17]},
			"faces": {
				"north": {"uv": [5.5, 0.75, 5.75, 2.25], "texture": "#0"},
				"east": {"uv": [4.75, 0.75, 5.5, 2.25], "texture": "#0"},
				"south": {"uv": [6.5, 0.75, 6.75, 2.25], "texture": "#0"},
				"west": {"uv": [5.75, 0.75, 6.5, 2.25], "texture": "#0"},
				"up": {"uv": [5.75, 0.75, 5.5, 0], "rotation": 180, "texture": "#0"},
				"down": {"uv": [6, 0, 5.75, 0.75], "rotation": 180, "texture": "#0"}
			}
		},
		{
			"from": [10, 4, 7],
			"to": [11, 10, 10],
			"rotation": {"angle": 0, "axis": "y", "origin": [11, 12, 17]},
			"faces": {
				"north": {"uv": [3.5, 5.75, 3.75, 7.25], "texture": "#0"},
				"east": {"uv": [2.75, 5.75, 3.5, 7.25], "texture": "#0"},
				"south": {"uv": [4.5, 5.75, 4.75, 7.25], "texture": "#0"},
				"west": {"uv": [3.75, 5.75, 4.5, 7.25], "texture": "#0"},
				"up": {"uv": [3.75, 5.75, 3.5, 5], "rotation": 180, "texture": "#0"},
				"down": {"uv": [4, 5, 3.75, 5.75], "rotation": 180, "texture": "#0"}
			}
		},
		{
			"from": [7, -4, 5],
			"to": [10, 1, 6],
			"rotation": {"angle": 0, "axis": "y", "origin": [17, -5, 5]},
			"faces": {
				"north": {"uv": [2.25, 9, 3, 10.25], "texture": "#0"},
				"east": {"uv": [2, 9, 2.25, 10.25], "texture": "#0"},
				"south": {"uv": [3.25, 9, 4, 10.25], "texture": "#0"},
				"west": {"uv": [3, 9, 3.25, 10.25], "texture": "#0"},
				"up": {"uv": [3, 9, 2.25, 8.75], "rotation": 90, "texture": "#0"},
				"down": {"uv": [3.75, 8.75, 3, 9], "rotation": 270, "texture": "#0"}
			}
		},
		{
			"from": [11, -4, 7],
			"to": [12, 1, 10],
			"rotation": {"angle": 0, "axis": "y", "origin": [12, -5, 17]},
			"faces": {
				"north": {"uv": [6.5, 8, 6.75, 9.25], "texture": "#0"},
				"east": {"uv": [5.75, 8, 6.5, 9.25], "texture": "#0"},
				"south": {"uv": [7.5, 8, 7.75, 9.25], "texture": "#0"},
				"west": {"uv": [6.75, 8, 7.5, 9.25], "texture": "#0"},
				"up": {"uv": [6.75, 8, 6.5, 7.25], "rotation": 180, "texture": "#0"},
				"down": {"uv": [7, 7.25, 6.75, 8], "rotation": 180, "texture": "#0"}
			}
		},
		{
			"from": [5, -4, 7],
			"to": [6, 1, 10],
			"rotation": {"angle": 0, "axis": "y", "origin": [6, -5, 17]},
			"faces": {
				"north": {"uv": [8.75, 9, 9, 10.25], "texture": "#0"},
				"east": {"uv": [8, 9, 8.75, 10.25], "texture": "#0"},
				"south": {"uv": [9.75, 9, 10, 10.25], "texture": "#0"},
				"west": {"uv": [9, 9, 9.75, 10.25], "texture": "#0"},
				"up": {"uv": [9, 9, 8.75, 8.25], "rotation": 180, "texture": "#0"},
				"down": {"uv": [9.25, 8.25, 9, 9], "rotation": 180, "texture": "#0"}
			}
		},
		{
			"from": [6, -1, 6],
			"to": [11, 0, 11],
			"rotation": {"angle": 0, "axis": "y", "origin": [8, -4, 7]},
			"faces": {
				"north": {"uv": [10, 10.25, 11.25, 10.5], "texture": "#0"},
				"east": {"uv": [8.75, 10.25, 10, 10.5], "texture": "#0"},
				"south": {"uv": [12.5, 10.25, 13.75, 10.5], "texture": "#0"},
				"west": {"uv": [11.25, 10.25, 12.5, 10.5], "texture": "#0"},
				"up": {"uv": [11.25, 10.25, 10, 9], "texture": "#0"},
				"down": {"uv": [12.5, 9, 11.25, 10.25], "texture": "#0"}
			}
		}
	],
	"display": {
		"thirdperson_righthand": {
			"translation": [0, 12.75, 1],
			"scale": [0.87, 0.87, 0.87]
		},
		"thirdperson_lefthand": {
			"translation": [0, 12.75, 1],
			"scale": [0.87, 0.87, 0.87]
		},
		"ground": {
			"rotation": [40, 0, 0],
			"scale": [0.5, 0.5, 0.5]
		},
		"gui": {
			"rotation": [31.18, -13.32, 44.93],
			"translation": [0.5, -0.75, 0],
			"scale": [0.5, 0.5, 0.5]
		},
		"fixed": {
			"rotation": [146.66, 23.99, -128.66],
			"translation": [0, -0.75, 0],
			"scale": [0.5, 0.5, 0.5]
		}
	}
}