{
    "sources": [
        {
            "type": "paletted_permutations",
            "textures": [
                "trims/models/armor/sapphire",
                "trims/models/armor/sapphire_leggings",
                "trims/models/armor/emerald",
                "trims/models/armor/emerald_leggings",
                "trims/models/armor/chainmail",
                "trims/models/armor/chainmail_leggings",
                "trims/models/armor/ruby",
                "trims/models/armor/ruby_leggings",
                "trims/models/armor/diamond",
                "trims/models/armor/diamond_leggings",
                "trims/models/armor/copper",
                "trims/models/armor/copper_leggings",
                "trims/models/armor/alminium",
                "trims/models/armor/alminium_leggings",
                "trims/models/armor/mithril",
                "trims/models/armor/mithril_leggings",
                "trims/models/armor/knight",
                "trims/models/armor/knight_leggings"
            ],
            "palette_key": "trims/color_palettes/trim_palette",
            "permutations": {
                "none": "trims/color_palettes/none"
            }
        }
    ]
}
